3727,11,K,Adam Vinatieri,Ind
4269,22,K,Phil Dawson,Ari
5046,13,K,Sebastian Janikowski,Oak
5228,17,QB,Tom Brady,NE
5479,18,QB,Drew Brees,NO
5967,20,QB,Josh McCown,NYJ
6169,16,QB,Shaun Hill,Min
6243,1,K,Matt Bryant,Atl
6337,22,QB,Carson Palmer,Ari
6390,2,WR,Anquan Boldin,Buf
6405,6,TE,Jason Witten,Dal
6624,6,QB,Tony Romo,Dal
6663,24,TE,Antonio Gates,LAC
6760,19,QB,Eli Manning,NYG
6762,22,WR,Larry Fitzgerald,Ari
6763,24,QB,Philip Rivers,LAC
6770,23,QB,Ben Roethlisberger,Pit
6791,33,TE,Benjamin Watson,Bal
6849,1,QB,Matt Schaub,Atl
6865,6,QB,Luke McCown,Dal
7177,12,QB,Alex Smith,KC
7200,9,QB,Aaron Rodgers,GB
7223,6,K,Mike Nugent,Dal
7237,27,WR,Vincent Jackson,TB
7241,11,RB,Frank Gore,Ind
7306,21,RB,Darren Sproles,Phi
7321,14,QB,Dan Orlovsky,LAR
7389,29,QB,Derek Anderson,Car
7406,10,QB,Matt Cassel,Ten
7426,27,QB,Ryan Fitzpatrick,TB
7505,24,K,Nick Novak,LAC
7520,25,K,Robbie Gould,SF
7695,18,RB,John Kuhn,NO
7751,2,RB,Reggie Bush,Buf
7755,28,TE,Vernon Davis,Was
7760,15,QB,Jay Cutler,Mia
7776,23,RB,DeAngelo Williams,Pit
7777,30,TE,Marcedes Lewis,Jax
7798,24,QB,Kellen Clemens,LAC
7802,15,TE,Anthony Fasano,Mia
7867,17,K,Stephen Gostkowski,NE
7868,19,WR,Brandon Marshall,NYG
7924,10,TE,Delanie Walker,Ten
8256,8,WR,Calvin Johnson,Det
8261,22,RB,Adrian Peterson,Ari
8263,18,WR,Ted Ginn Jr.,NO
8266,13,RB,Marshawn Lynch,Oak
8285,29,TE,Greg Olsen,Car
8297,22,QB,Drew Stanton,Ari
8416,21,TE,Brent Celek,Phi
8432,27,K,Nick Folk,TB
8447,9,K,Mason Crosby,GB
8497,4,TE,Clark Harris,Cin
8544,15,QB,Matt Moore,Mia
8565,8,K,Matt Prater,Det
8609,10,WR,Eric Weems,Ten
8780,1,QB,Matt Ryan,Atl
8781,6,RB,Darren McFadden,Dal
8790,29,RB,Jonathan Stewart,Car
8795,33,QB,Joe Flacco,Bal
8801,22,RB,Chris Johnson,Ari
8813,9,WR,Jordy Nelson,GB
8819,3,WR,Eddie Royal,Chi
8821,20,RB,Matt Forte,NYJ
8826,27,WR,DeSean Jackson,TB
8834,30,QB,Chad Henne,Jax
8838,17,TE,Martellus Bennett,NE
8850,7,RB,Jamaal Charles,Den
8861,10,WR,Harry Douglas,Ten
8907,5,TE,Gary Barnidge,Cle
8912,2,RB,Jerome Felton,Buf
8916,1,TE,Jacob Tamme,Atl
8926,25,RB,Tim Hightower,SF
8930,17,WR,Matthew Slater,NE
8935,20,TE,Kellen Davis,NYJ
8937,34,QB,Josh Johnson,Hou
8982,25,WR,Pierre Garcon,SF
9001,24,WR,Stevie Johnson,LAC
9010,7,RB,Justin Forsett,Den
9032,2,K,Dan Carpenter,Buf
9037,17,WR,Danny Amendola,NE
9043,2,RB,Mike Tolbert,Buf
9066,2,K,Stephen Hauschka,Buf
9158,26,RB,Marcel Reece,Sea
9219,3,K,Connor Barth,Chi
9265,8,QB,Matthew Stafford,Det
9269,3,QB,Mark Sanchez,Chi
9271,23,WR,Darrius Heyward-Bey,Pit
9274,13,WR,Michael Crabtree,Oak
9283,33,WR,Jeremy Maclin,Bal
9294,5,WR,Kenny Britt,Cle
9317,2,RB,LeSean McCoy,Buf
9347,2,WR,Brandon Tate,Buf
9348,33,WR,Mike Wallace,Bal
9353,13,TE,Jared Cook,Oak
9388,25,WR,Louis Murphy,SF
9444,3,TE,Zach Miller,Chi
9449,4,RB,Cedric Peerman,Cin
9466,27,TE,Brandon Myers,TB
9472,18,TE,John Phillips,NO
9496,17,WR,Julian Edelman,NE
9505,23,TE,David Johnson,Pit
9514,19,RB,Rashad Jennings,NYG
9520,10,K,Ryan Succop,Ten
9526,29,K,Graham Gano,Car
9547,17,QB,Brian Hoyer,NE
9560,33,RB,Danny Woodhead,Bal
9666,29,RB,Darrel Young,Car
9678,18,QB,Chase Daniel,NO
9705,7,WR,Jordan Norwood,Den
9707,27,RB,Antone Smith,TB
23976,16,QB,Sam Bradford,Min
23984,12,RB,C.J. Spiller,KC
23987,21,RB,Ryan Mathews,Phi
23996,22,TE,Jermaine Gresham,Ari
23997,7,WR,Demaryius Thomas,Den
23999,6,WR,Dez Bryant,Dal
24011,24,RB,Dexter McCluster,LAC
24014,30,WR,Arrelious Benn,Jax
24017,17,TE,Rob Gronkowski,NE
24035,8,WR,Golden Tate,Det
24045,29,TE,Ed Dickson,Car
24053,4,WR,Brandon LaFell,Cin
24057,7,WR,Emmanuel Sanders,Den
24060,28,QB,Colt McCoy,Was
24062,10,WR,Eric Decker,Ten
24063,1,WR,Andre Roberts,Atl
24070,26,TE,Jimmy Graham,Sea
24089,33,TE,Dennis Pitta,Bal
24093,7,TE,Garrett Graham,Den
24100,18,TE,Clay Harbor,NO
24108,18,TE,Michael Hoomanawanui,NO
24169,9,RB,James Starks,GB
24171,23,WR,Antonio Brown,Pit
24175,2,QB,Joe Webb,Buf
24198,10,WR,Marc Mariani,Ten
24208,22,TE,Jim Dray,Ari
24262,8,RB,Joique Bell,Det
24303,24,TE,Jeff Cumberland,LAC
24311,33,QB,Thad Lewis,Bal
24318,21,RB,LeGarrette Blount,Phi
24400,30,RB,Chris Ivory,Jax
24436,30,WR,Bryan Walters,Jax
24553,3,WR,Victor Cruz,Chi
24608,25,TE,Logan Paulsen,SF
24709,28,WR,Brandon Banks,Was
24735,26,RB,Will Tukuafu,Sea
24760,17,RB,James Develin,NE
24774,17,WR,Andrew Hawkins,NE
24788,29,QB,Cam Newton,Car
24791,4,WR,A.J. Green,Cin
24793,1,WR,Julio Jones,Atl
24797,22,QB,Blaine Gabbert,Ari
24799,25,QB,Christian Ponder,SF
24815,18,RB,Mark Ingram,NO
24822,4,QB,Andy Dalton,Cin
24823,25,QB,Colin Kaepernick,SF
24830,16,TE,Kyle Rudolph,Min
24834,9,TE,Lance Kendricks,GB
24843,19,RB,Shane Vereen,NYG
24845,21,WR,Torrey Smith,Phi
24851,9,WR,Randall Cobb,GB
24856,17,TE,Rob Housler,NE
24858,10,RB,DeMarco Murray,Ten
24860,16,RB,Stevan Ridley,Min
24861,33,QB,Ryan Mallett,Bal
24891,27,TE,Luke Stocker,TB
24901,27,WR,Cecil Shorts III,TB
24912,2,RB,Taiwan Jones,Buf
24913,20,RB,Bilal Powell,NYJ
24916,15,TE,Julius Thomas,Mia
24923,12,RB,Anthony Sherman,KC
24932,27,RB,Jacquizz Rodgers,TB
24936,17,RB,Dion Lewis,NE
24939,34,QB,T.J. Yates,Hou
24940,20,WR,Jeremy Kerley,NYJ
24942,28,TE,Niles Paul,Was
24946,13,TE,Lee Smith,Oak
24961,2,TE,Charles Clay,Buf
24963,19,WR,Dwayne Harris,NYG
24965,25,WR,Aldrick Robinson,SF
24967,2,QB,Tyrod Taylor,Buf
24970,34,RB,Jordan Todman,Hou
24991,7,TE,Virgil Green,Den
25105,26,WR,Doug Baldwin,Sea
25117,30,RB,DuJuan Harris,Jax
25120,3,WR,Dontrelle Inman,Chi
25158,2,RB,Patrick DiMarco,Buf
25171,11,QB,Scott Tolzien,Ind
25178,17,WR,Chris Hogan,NE
25234,2,WR,Andre Holmes,Buf
25238,8,RB,Matt Asiata,Det
25291,25,TE,Kyle Nelson,SF
25312,22,WR,Jeremy Ross,Ari
25370,3,TE,Patrick Scales,Chi
25379,11,WR,Kamar Aiken,Ind
25427,6,K,Dan Bailey,Dal
25481,19,RB,Shaun Draughn,NYG
25594,33,WR,Chris Matthews,Bal
25648,16,K,Kai Forbath,Min
25681,28,WR,Terrelle Pryor Sr.,Was
25703,33,TE,Larry Donnell,Bal
25711,11,QB,Andrew Luck,Ind
25712,5,QB,Robert Griffin III,Cle
25718,15,QB,Ryan Tannehill,Mia
25723,16,WR,Michael Floyd,Min
25730,3,WR,Kendall Wright,Chi
25732,10,QB,Brandon Weeden,Ten
25741,27,RB,Doug Martin,TB
25743,28,WR,Brian Quick,Was
25744,18,TE,Coby Fleener,NO
25755,21,WR,Alshon Jeffery,Phi
25767,7,QB,Brock Osweiler,Den
25773,3,WR,Rueben Randle,Chi
25774,17,TE,Dwayne Allen,NE
25777,6,RB,Ronnie Hillman,Dal
25779,29,WR,TJ Graham,Car
25785,26,QB,Russell Wilson,Sea
25793,1,WR,Mohamed Sanu,Atl
25794,7,RB,Bernard Pierce,Den
25798,21,QB,Nick Foles,Phi
25802,11,WR,T.Y. Hilton,Ind
25807,34,RB,Lamar Miller,Hou
25810,24,WR,Travis Benjamin,LAC
25812,28,QB,Kirk Cousins,Was
25816,11,RB,Robert Turbin,Ind
25820,23,TE,Ladarius Green,Pit
25826,12,TE,Orson Charles,KC
25828,16,WR,Jarius Wright,Min
25831,8,WR,Keshawn Martin,Det
25871,4,K,Randy Bullock,Cin
25876,8,WR,Marvin Jones Jr.,Det
25881,14,K,Greg Zuerlein,LAR
25883,6,RB,Alfred Morris,Dal
25885,26,K,Blair Walsh,Sea
25896,6,TE,James Hanna,Dal
25937,10,WR,Rishard Matthews,Ten
25962,11,RB,Daryl Richardson,Ind
25970,22,WR,Brittan Golden,Ari
25991,20,WR,Jermaine Kearse,NYJ
25992,24,TE,Sean McGrath,LAC
26016,10,TE,Beau Brinkley,Ten
26024,2,RB,Travaris Cadet,Buf
26060,6,WR,Cole Beasley,Dal
26064,14,RB,Lance Dunbar,LAR
26079,2,RB,Joe Banyard,Buf
26096,29,WR,Brenton Bersin,Car
26108,3,WR,Josh Bellamy,Chi
26218,33,WR,Griff Whalen,Bal
26253,25,TE,Garrett Celek,SF
26264,13,K,Giorgio Tavecchio,Oak
26299,1,RB,Derrick Coleman,Atl
26317,1,QB,Matt Simms,Atl
26346,26,QB,Austin Davis,Sea
26347,14,TE,Cory Harkey,LAR
26389,17,RB,Brandon Bolden,NE
26399,6,QB,Kellen Moore,Dal
26416,14,TE,Derek Carrier,LAR
26428,2,WR,Rod Streater,Buf
26455,33,RB,Bobby Rainey,Bal
26456,2,WR,Deonte Thompson,Buf
26483,16,QB,Case Keenum,Min
26488,30,RB,Jonathan Grimes,Jax
26497,10,TE,Phillip Supernaw,Ten
26518,13,TE,Cooper Helfet,Oak
26534,33,K,Justin Tucker,Bal
26535,13,RB,Jamize Olawale,Oak
26547,10,QB,Alex Tanney,Ten
26551,29,WR,Michael Avila,Car
26561,5,WR,Josh Gordon,Cle
26579,28,RB,Zach Brown,Was
26583,3,TE,Andrew DePaola,Chi
26596,29,RB,Fozzy Whittaker,Car
26601,27,RB,Austin Johnson,TB
26612,8,TE,Darren Fells,Det
26614,22,TE,Ifeanyi Momah,Ari
26631,14,WR,Tavon Austin,LAR
26639,13,QB,EJ Manuel,Oak
26644,4,TE,Tyler Eifert,Cin
26650,34,WR,DeAndre Hopkins,Hou
26652,13,WR,Cordarrelle Patterson,Oak
26657,23,WR,Justin Hunter,Pit
26658,21,TE,Zach Ertz,Phi
26660,4,RB,Giovani Bernard,Cin
26662,19,QB,Geno Smith,NYG
26664,14,WR,Robert Woods,LAR
26670,33,TE,Gavin Escobar,Bal
26671,23,RB,Le'Veon Bell,Pit
26678,23,TE,Vance McDonald,Pit
26682,22,WR,Aaron Dobson,Ari
26684,26,RB,Eddie Lacy,Sea
26685,11,RB,Christine Michael,Ind
26686,12,TE,Travis Kelce,KC
26696,3,QB,Mike Glennon,Chi
26697,6,WR,Terrance Williams,Dal
26699,24,WR,Keenan Allen,LAC
26701,25,WR,Marquise Goodwin,SF
26702,3,WR,Markus Wheaton,Chi
26708,28,TE,Jordan Reed,Was
26719,23,RB,Knile Davis,Pit
26721,22,QB,Matt Barkley,Ari
26725,5,WR,Josh Boyce,Cle
26729,3,TE,Dion Sims,Chi
26733,30,QB,Ryan Nassib,Jax
26738,23,QB,Landry Jones,Pit
26751,20,WR,Quinton Patton,NYJ
26753,25,RB,Kyle Juszczyk,SF
26756,1,TE,Levine Toilolo,Atl
26758,30,RB,Denard Robinson,Jax
26763,22,RB,Stepfan Taylor,Ari
26767,15,WR,Kenny Stills,Mia
26777,28,RB,Chris Thompson,Was
26781,26,TE,Luke Willson,Sea
26784,19,WR,Tavarres King,NYG
26787,17,RB,Mike Gillislee,NE
26789,21,K,Caleb Sturgis,Phi
26794,18,WR,Corey Fuller,NO
26800,28,K,Dustin Hopkins,Was
26804,16,RB,Latavius Murray,Min
26805,21,RB,Kenjon Barner,Phi
26807,30,TE,Mychal Rivera,Jax
26810,22,RB,Andre Ellington,Ari
26812,8,RB,Mike James,Det
26813,17,RB,Rex Burkhead,NE
26817,12,RB,Spencer Ware,KC
26820,34,WR,Cobi Hamilton,Hou
26822,8,RB,Theo Riddick,Det
26824,34,TE,Ryan Griffin,Hou
26832,6,WR,Brice Butler,Dal
26834,17,TE,Michael Williams,NE
26838,30,RB,Tommy Bohanon,Jax
26839,29,WR,Charles Johnson,Car
26845,20,TE,Chris Gragg,NYJ
26853,22,RB,Kerwynn Williams,Ari
26857,6,QB,Zac Dysert,Dal
26859,20,WR,Marquess Wilson,NYJ
26860,1,WR,B.J. Daniels,Atl
26872,27,QB,Sean Renfree,TB
26878,7,RB,C.J. Anderson,Den
26886,6,WR,Quincy McDuffie,Dal
26949,27,QB,Ryan Griffin,TB
26950,18,TE,Josh Hill,NO
26991,15,TE,Chris Pantale,Mia
26995,8,WR,Ryan Spadola,Det
27050,8,TE,Tim Wright,Det
27055,29,WR,Russell Shepard,Car
27074,22,WR,Jaron Brown,Ari
27103,11,TE,Brandon Williams,Ind
27120,7,K,Brandon McManus,Den
27135,18,RB,Zach Line,NO
27143,26,WR,Rodney Smith,Sea
27167,3,RB,Benny Cunningham,Chi
27170,12,QB,Tyler Bray,KC
27173,20,WR,Frankie Hammond Jr.,NYJ
27174,12,TE,Demetrius Harris,KC
27201,1,WR,Nick Williams,Atl
27213,15,TE,MarQueis Gray,Mia
27214,16,TE,Kevin McDermott,Min
27235,20,WR,Kenbrell Thompkins,NYJ
27254,20,WR,Terrell Sinkfield Jr.,NYJ
27277,16,WR,Adam Thielen,Min
27299,11,TE,Jack Doyle,Ind
27305,2,WR,Rashad Ross,Buf
27312,11,RB,George Winn,Ind
27319,6,WR,Uzoma Nwachukwu,Dal
27338,25,WR,Eric Rogers,SF
27359,18,TE,Jake Stoneburner,NO
27361,20,WR,Myles White,NYJ
27369,5,K,Brett Maher,Cle
27378,20,RB,Khiry Robinson,NYJ
27422,7,WR,Marlon Brown,Den
27425,10,K,Jordan Gay,Ten
27429,34,QB,Matt McGloin,Hou
27494,12,TE,James Winchester,KC
27506,27,K,Patrick Murray,TB
27531,30,QB,Blake Bortles,Jax
27532,14,WR,Sammy Watkins,LAR
27535,27,WR,Mike Evans,TB
27538,8,TE,Eric Ebron,Det
27540,19,WR,Odell Beckham Jr.,NYG
27548,17,WR,Brandin Cooks,NE
27550,5,QB,Johnny Manziel,Cle
27556,2,WR,Kelvin Benjamin,Buf
27560,16,QB,Teddy Bridgewater,Min
27564,13,QB,Derek Carr,Oak
27566,20,TE,Austin Seferian-Jenkins,NYJ
27567,30,WR,Marqise Lee,Jax
27570,2,WR,Jordan Matthews,Buf
27573,26,WR,Paul Richardson,Sea
27577,10,TE,Jace Amaro,Ten
27580,22,TE,Troy Niklas,Ari
27581,9,WR,Davante Adams,GB
27582,16,RB,Bishop Sankey,Min
27583,4,RB,Jeremy Hill,Cin
27584,7,WR,Cody Latimer,Den
27585,25,RB,Carlos Hyde,SF
27589,30,WR,Allen Robinson,Jax
27590,25,QB,Jimmy Garoppolo,SF
27591,15,WR,Jarvis Landry,Mia
27593,34,TE,C.J. Fiedorowicz,Hou
27597,27,RB,Charles Sims,TB
27614,27,WR,Josh Huff,TB
27618,11,WR,Donte Moncrief,Ind
27619,22,WR,John Brown,Ari
27622,33,RB,Terrance West,Bal
27624,16,RB,Jerick McKinnon,Min
27626,9,TE,Richard Rodgers,GB
27627,33,TE,Crockett Gillmore,Bal
27631,1,RB,Devonta Freeman,Atl
27634,34,WR,Bruce Ellington,Hou
27641,24,RB,Andre Williams,LAC
27645,3,RB,Ka'Deem Carey,Chi
27646,23,WR,Martavis Bryant,Pit
27648,2,TE,Logan Thomas,Buf
27651,19,WR,Kevin Norwood,NYG
27652,12,WR,De'Anthony Thomas,KC
27658,17,RB,James White,NE
27663,34,QB,Tom Savage,Hou
27666,33,RB,Lorenzo Taliaferro,Bal
27670,28,WR,Ryan Grant,Was
27674,34,WR,Devin Street,Hou
27691,14,QB,Aaron Murray,LAR
27692,4,QB,AJ McCarron,Cin
27704,8,WR,Jared Abbrederis,Det
27706,23,QB,Zach Mettenberger,Pit
27709,34,RB,Alfred Blue,Hou
27711,15,QB,David Fales,Mia
27717,8,WR,TJ Jones,Det
27718,11,WR,Matt Hazel,Ind
27722,2,QB,Keith Wenning,Buf
27724,2,WR,Walter Powell,Buf
27732,30,RB,Tyler Gaffney,Jax
27737,20,WR,Quincy Enunwa,NYJ
27739,34,RB,Jay Prosch,Hou
27742,29,QB,Garrett Gilbert,Car
27746,33,WR,Michael Campanaro,Bal
27750,15,RB,Storm Johnson,Mia
27756,27,K,Zach Hocker,TB
27764,9,WR,Jeff Janis,GB
27767,5,WR,James Wright,Cle
27786,2,TE,Blake Annen,Buf
27789,21,TE,Trey Burton,Phi
27790,10,RB,David Fluellen,Ten
27821,25,RB,Kapri Bibbs,SF
27822,24,WR,Isaiah Burse,LAC
27826,7,WR,Bennie Fowler,Den
27832,7,RB,Juwan Thompson,Den
27852,6,WR,Javontee Herndon,Dal
27874,30,WR,Allen Hurns,Jax
27878,11,QB,Stephen Morris,Ind
27881,3,TE,D.J. Tialavea,Chi
27911,15,K,Cody Parkey,Mia
27914,11,TE,Erik Swoope,Ind
27918,17,WR,Tony Washington,NE
27921,18,WR,Brandon Coleman,NO
27926,25,TE,Je'Ron Hamm,SF
27928,12,WR,Seantavius Jones,KC
27938,2,WR,Philly Brown,Buf
27941,11,TE,Marcus Lucas,Ind
27943,12,RB,Darrin Reaves,KC
27946,10,RB,Antonio Andrews,Ten
27951,27,WR,Derel Walker,TB
27958,14,K,Travis Coons,LAR
27976,2,WR,Jeremy Butler,Buf
28014,5,RB,Isaiah Crowell,Cle
28020,10,WR,Jonathan Krause,Ten
28021,4,TE,Ryan Hewitt,Cin
28024,3,QB,Connor Shaw,Chi
28026,18,WR,Willie Snead,NO
28044,12,RB,Charcandrick West,KC
28046,12,WR,Albert Wilson,KC
28060,27,WR,Freddie Martino,TB
28068,23,RB,Roosevelt Nix,Pit
28071,27,WR,Bernard Reedy,TB
28086,3,TE,Justin Perillo,Chi
28103,20,K,Chandler Catanzaro,NYJ
28115,15,RB,Damien Williams,Mia
28121,6,WR,Corey Washington,Dal
28141,6,RB,Keith Smith,Dal
28142,33,QB,Dustin Vaughan,Bal
28147,24,TE,Asante Cleveland,LAC
28169,19,RB,Orleans Darkwa,NYG
28174,15,WR,Rashad Lawrence,Mia
28184,23,TE,Xavier Grimble,Pit
28185,12,RB,George Atkinson III,KC
28188,23,K,Chris Boswell,Pit
28192,22,TE,Anthony Denham,Ari
28214,13,WR,Seth Roberts,Oak
28215,29,TE,Scott Simonson,Car
28221,26,TE,Tyler Ott,Sea
28223,15,RB,Senorise Perry,Mia
28227,3,K,Cairo Santos,Chi
28234,1,WR,Taylor Gabriel,Atl
28253,34,TE,RaShaun Allen,Hou
28267,27,TE,Cameron Brate,TB
28272,24,RB,Branden Oliver,LAC
28283,23,RB,Fitzgerald Toussaint,Pit
28348,10,TE,Jerome Cunningham,Ten
28365,29,TE,Chris Manhertz,Car
28378,30,K,Jason Myers,Jax
28389,27,QB,Jameis Winston,TB
28390,10,QB,Marcus Mariota,Ten
28392,13,WR,Amari Cooper,Oak
28395,3,WR,Kevin White,Chi
28398,14,RB,Todd Gurley II,LAR
28402,15,WR,DeVante Parker,Mia
28403,24,RB,Melvin Gordon,LAC
28408,21,WR,Nelson Agholor,Phi
28414,33,WR,Breshad Perriman,Bal
28417,17,WR,Phillip Dorsett,NE
28424,30,RB,T.J. Yeldon,Jax
28425,20,WR,Devin Smith,NYJ
28428,21,WR,Dorial Green-Beckham,Phi
28429,29,WR,Devin Funchess,Car
28442,8,RB,Ameer Abdullah,Det
28443,33,TE,Maxx Williams,Bal
28456,13,TE,Clive Walford,Oak
28457,26,WR,Tyler Lockett,Sea
28458,30,WR,Jaelen Strong,Jax
28461,1,RB,Tevin Coleman,Atl
28463,1,QB,Garrett Grayson,Atl
28464,12,WR,Chris Conley,KC
28465,5,RB,Duke Johnson Jr.,Cle
28473,4,TE,Tyler Kroft,Cin
28474,22,RB,David Johnson,Ari
28475,5,WR,Sammie Coates,Cle
28477,14,QB,Sean Mannion,LAR
28480,7,TE,Jeff Heuerman,Den
28482,9,RB,Ty Montgomery,GB
28483,11,RB,Matt Jones,Ind
28491,20,QB,Bryce Petty,NYJ
28493,28,WR,Jamison Crowder,Was
28494,33,RB,Jeremy Langford,Bal
28495,1,WR,Justin Hardy,Atl
28496,10,RB,Jalston Fowler,Ten
28505,16,TE,Blake Bell,Min
28513,33,RB,Javorius Allen,Bal
28514,26,RB,Mike Davis,Sea
28520,25,WR,DeAndre Smelter,SF
28526,3,RB,David Cobb,Chi
28527,30,WR,Rashad Greene Sr.,Jax
28531,34,TE,MyCole Pruitt,Hou
28534,16,WR,Stefon Diggs,Min
28535,9,QB,Brett Hundley,GB
28537,21,RB,Jay Ajayi,Phi
28545,4,TE,C.J. Uzomah,Cin
28547,22,WR,J.J. Nelson,Ari
28548,23,TE,Jesse James,Pit
28550,33,WR,Kenny Bell,Bal
28556,3,RB,Michael Burton,Chi
28559,33,TE,Nick Boyle,Bal
28561,30,TE,James O'Shaughnessy,Jax
28562,29,RB,Cameron Artis-Payne,Car
28563,34,WR,Keith Mumphery,Hou
28572,29,WR,Kaelin Clay,Car
28574,24,WR,Geremy Davis,LAC
28582,2,TE,Nick O'Leary,Buf
28583,26,RB,Malcolm Johnson,Sea
28586,5,TE,Randall Telfer,Cle
28590,7,TE,A.J. Derby,Den
28592,33,TE,Darren Waller,Bal
28594,9,RB,Aaron Ripkowski,GB
28601,8,TE,Kennard Backman,Det
28608,20,TE,Neal Sterling,NYJ
28617,30,TE,Ben Koyack,Jax
28618,2,RB,Marcus Murphy,Buf
28621,24,WR,Da'Ron Brown,LAC
28622,2,WR,Dezmin Lewis,Buf
28623,28,RB,Kenny Hilliard,Was
28626,3,WR,Mario Alford,Chi
28633,3,WR,Tre McBride,Chi
28634,6,TE,Geoff Swaim,Dal
28638,7,QB,Trevor Siemian,Den
28642,2,TE,Busta Anderson,Buf
28644,22,TE,Gerald Christian,Ari
28645,5,WR,Rasheed Bailey,Cle
28654,25,RB,Raheem Mostert,SF
28658,20,TE,Eric Tomlinson,NYJ
28669,23,WR,Eli Rogers,Pit
28678,3,WR,Titus Davis,Chi
28685,30,K,Josh Lambo,Jax
28688,7,TE,Brian Parker,Den
28689,23,RB,Dreamius Smith,Pit
28691,24,WR,Tyrell Williams,LAC
28693,1,TE,Brian Vogler,Atl
28697,3,WR,Cameron Meredith,Chi
28714,26,RB,Thomas Rawls,Sea
28718,6,RB,Rod Smith,Dal
28727,7,WR,Jordan Taylor,Den
28730,29,WR,Damiere Byrd,Car
28737,14,RB,Brandon Wegher,LAR
28740,11,WR,Quan Bray,Ind
28787,5,WR,Rannell Hall,Cle
28793,11,WR,Dres Anderson,Ind
28799,14,QB,Dylan Thompson,LAR
28800,34,WR,DeAndrew White,Hou
28808,3,RB,Paul Lasike,Chi
28813,30,TE,Gannon Sinclair,Jax
28832,1,RB,Terron Ward,Atl
28834,30,WR,Shane Wynn,Jax
28839,17,QB,Taylor Heinicke,NE
28840,5,WR,Jordan Leslie,Cle
28847,30,RB,Corey Grant,Jax
28848,6,TE,Connor Hamlett,Dal
28865,6,RB,Trey Williams,Dal
28874,12,RB,Akeem Hunt,KC
28875,19,TE,Matt LaCosse,NYG
28887,8,RB,Zach Zenner,Det
28893,2,TE,Khari Lee,Buf
28907,15,K,Andrew Franks,Mia
28922,33,RB,John Crockett,Bal
28930,30,WR,Larry Pinkard,Jax
28938,20,RB,Julian Howsare,NYJ
28941,2,TE,Wes Saxton,Buf
28947,25,WR,DeAndre Carter,SF
28953,1,RB,Terrence Magee,Atl
28964,33,TE,Gabe Holmes,Bal
28965,23,RB,Gus Johnson,Pit
28974,17,WR,Jake Kumerow,NE
28975,5,TE,Matt Lengel,Cle
28985,20,WR,Chris Harper,NYJ
28990,14,RB,Malcolm Brown,LAR
28997,14,RB,Zach Laskey,LAR
29001,8,WR,Bradley Marquez,Det
29013,26,RB,George Farmer,Sea
29014,12,WR,Antwan Goodley,KC
29024,20,WR,Lucky Whitehead,NYJ
29034,28,TE,E.J. Bibbs,Was
29038,10,WR,Darius Jennings,Ten
29046,17,TE,Will Tye,NE
29055,10,TE,Tim Semisch,Ten
29056,16,WR,Isaac Fruechte,Min
29057,1,K,Mike Meyer,Atl
29066,19,WR,Andrew Turzilli,NYG
29069,27,WR,Donteea Dye,TB
29070,27,WR,Adam Humphries,TB
29072,26,QB,Jake Heaps,Sea
29085,16,RB,Mack Brown,Min
29095,28,TE,Manasseh Garner,Was
29102,3,TE,Daniel Brown,Chi
29110,26,TE,Brandon Cottom,Sea
29118,27,TE,Tevin Westbrook,TB
29128,20,WR,Deshon Foxx,NYJ
29152,5,WR,Kasen Williams,Cle
29178,23,RB,Terrell Watson,Pit
29184,22,RB,Bronson Hill,Ari
29208,12,TE,Ross Travis,KC
29213,26,WR,Jamel Johnson,Sea
29217,26,TE,Ronnie Shields,Sea
29226,1,WR,Anthony Dable,Atl
29229,18,WR,Xavier Rush,NO
29235,14,QB,Jared Goff,LAR
29236,21,QB,Carson Wentz,Phi
29238,6,RB,Ezekiel Elliott,Dal
29249,5,WR,Corey Coleman,Cle
29255,34,WR,Will Fuller V,Hou
29256,28,WR,Josh Doctson,Was
29257,16,WR,Laquon Treadwell,Min
29260,7,QB,Paxton Lynch,Den
29269,24,TE,Hunter Henry,LAC
29274,19,WR,Sterling Shepard,NYG
29279,10,RB,Derrick Henry,Ten
29281,18,WR,Michael Thomas,NO
29284,20,QB,Christian Hackenberg,NYJ
29288,4,WR,Tyler Boyd,Cin
29293,29,K,Roberto Aguayo,Car
29307,15,RB,Kenyan Drake,Mia
29315,1,TE,Austin Hooper,Atl
29319,34,WR,Braxton Miller,Hou
29320,15,WR,Leonte Carroo,Mia
29324,26,RB,C.J. Prosise,Sea
29325,11,QB,Jacoby Brissett,Ind
29327,5,QB,Cody Kessler,Cle
29328,26,TE,Nick Vannett,Sea
29334,13,QB,Connor Cook,Oak
29341,33,WR,Chris Moore,Bal
29344,14,TE,Tyler Higbee,LAR
29346,17,WR,Malcolm Mitchell,NE
29348,5,WR,Ricardo Louis,Cle
29351,14,WR,Pharoh Cooper,LAR
29353,34,RB,Tyler Ervin,Hou
29360,12,WR,Demarcus Robinson,KC
29368,33,RB,Kenneth Dixon,Bal
29369,6,QB,Dak Prescott,Dal
29370,7,RB,Devontae Booker,Den
29372,5,TE,Seth DeValve,Cle
29373,24,QB,Cardale Jones,LAC
29374,10,WR,Tajae Sharpe,Ten
29377,13,RB,DeAndre Washington,Oak
29383,19,RB,Paul Perkins,NYG
29384,3,RB,Jordan Howard,Chi
29387,21,RB,Wendell Smallwood,Phi
29388,5,WR,Jordan Payton,Cle
29390,18,RB,Jonathan Williams,NO
29396,5,QB,Kevin Hogan,Cle
29397,9,WR,Trevor Davis,GB
29399,12,WR,Tyreek Hill,KC
29405,33,RB,Alex Collins,Bal
29406,5,WR,Rashard Higgins,Cle
29410,7,RB,Andy Janovich,Den
29411,14,TE,Temarrick Hemingway,LAR
29414,16,WR,Moritz Boehringer,Min
29416,28,WR,Keenan Reynolds,Was
29418,19,TE,Jerell Adams,NYG
29420,15,WR,Jakeem Grant,Mia
29421,21,QB,Nate Sudfeld,Phi
29422,16,TE,David Morgan,Min
29425,8,QB,Jake Rudock,Det
29426,15,WR,Kolby Listenbee,Mia
29432,24,RB,Derek Watt,LAC
29433,4,WR,Cody Core,Cin
29435,14,QB,Brandon Allen,LAR
29440,14,WR,Michael Thomas,LAR
29441,4,QB,Jeff Driskel,Cin
29445,1,RB,Kelvin Taylor,Atl
29447,25,WR,Aaron Burbridge,SF
29450,5,RB,Darius Jackson,Cle
29451,6,TE,Rico Gathers,Dal
29457,15,QB,Brandon Doughty,Mia
29459,12,WR,Devin Lucien,KC
29463,17,WR,Demarcus Ayers,NE
29464,3,WR,Daniel Braverman,Chi
29465,15,TE,Thomas Duarte,Mia
29470,8,RB,Dwayne Washington,Det
29471,18,RB,Daniel Lasco II,NO
29472,1,WR,Devin Fuller,Atl
29475,20,WR,Charone Peake,NYJ
29476,28,RB,Keith Marshall,Was
29477,26,WR,Kenny Lawler Jr.,Sea
29481,7,RB,Zac Brooks,Den
29486,9,TE,Beau Sandland,GB
29496,19,WR,Canaan Severin,NYG
29499,21,RB,Andrew Bonnet,Phi
29502,29,WR,Keyarris Garrett,Car
29503,29,RB,Devon Johnson,Car
29504,23,TE,Jake McGee,Pit
29508,24,TE,Braedon Bowman,LAC
29512,30,WR,Jamal Robinson,Jax
29516,22,QB,Mike Bercovici,Ari
29518,24,RB,Kenneth Farrow,LAC
29521,29,WR,Jamaal Jones,Car
29531,20,RB,Chris Swain,NYJ
29532,24,TE,Matt Weiser,LAC
29533,21,WR,Dom Williams,Phi
29537,16,TE,Kyle Carter,Min
29542,30,RB,Jhurell Pressley,Jax
29545,28,QB,Joel Stave,Was
29550,17,RB,Glenn Gronkowski,NE
29560,27,RB,Peyton Barber,TB
29565,27,TE,Kivon Cartwright,TB
29571,27,TE,Alan Cross,TB
29575,27,RB,Russell Hansbrough,TB
29587,8,TE,Hakeem Valles,Det
29592,8,WR,Dez Stewart,Det
29599,11,RB,Josh Ferguson,Ind
29600,1,TE,Darion Griswold,Atl
29602,34,WR,Marcus Leak,Hou
29605,10,WR,Mekale McKay,Ten
29609,11,WR,Chester Rogers,Ind
29612,11,WR,Tevaun Smith,Ind
29616,3,RB,Bralon Addison,Chi
29618,29,WR,Mose Frazier,Car
29623,11,TE,Henry Krieger-Coble,Ind
29631,19,WR,Kalif Raymond,NYG
29638,28,WR,Maurice Harris,Was
29650,26,RB,J.D. McKissic,Sea
29654,1,TE,Joshua Perkins,Atl
29656,12,RB,Will Ratelle,KC
29659,28,K,Nick Rose,Was
29661,30,RB,Brandon Wilds,Jax
29666,5,TE,J.P. Holtz,Cle
29678,21,WR,Marcus Johnson,Phi
29679,16,WR,Cayleb Jones,Min
29680,28,RB,Byron Marshall,Was
29681,2,RB,Cedric O'Neal,Buf
29682,7,WR,Hunter Sharp,Den
29686,21,WR,Paul Turner,Phi
29690,28,WR,Reggie Diggs,Was
29694,28,RB,Rob Kelley,Was
29695,9,RB,Joe Kerridge,GB
29697,11,WR,Valdez Showers,Ind
29700,4,RB,Tra Carson,Cin
29703,4,WR,Alex Erickson,Cin
29710,4,WR,Alonzo Russell,Cin
29715,14,RB,Aaron Green,LAR
29719,9,WR,Geronimo Allison,GB
29722,9,QB,Joe Callahan,GB
29728,30,TE,David Grinnage,Jax
29730,14,WR,Paul McRoberts,LAR
29731,9,RB,Don Jackson,GB
29733,14,WR,Marquez North,LAR
29743,3,WR,Nelson Spruce,Chi
29754,18,K,Wil Lutz,NO
29769,26,K,John Lunsford,Sea
29772,8,WR,Jace Billingsley,Det
29775,5,WR,Bryce Treggs,Cle
29783,25,TE,Cole Wick,SF
29785,20,WR,Robby Anderson,NYJ
29789,34,TE,Stephen Anderson,Hou
29791,20,WR,Jalin Marshall,NYJ
29792,34,K,Ka'imi Fairbairn,Hou
29793,20,K,Ross Martin,NYJ
29795,12,WR,Tevin Jones,KC
29803,5,WR,Richard Mullaney,Cle
29806,11,TE,Jason Vander Laan,Ind
29810,1,RB,Soma Vainuku,Atl
29812,26,QB,Trevone Boykin,Sea
29819,34,WR,Wendall Williams,Hou
29821,26,RB,Tre Madden,Sea
29825,26,WR,Tanner McEvoy,Sea
29834,4,K,Marshall Koehn,Cin
29836,15,WR,Rashawn Scott,Mia
29837,14,WR,Brandon Shippen,LAR
29850,16,TE,Cedrick Lang,Min
29854,18,WR,Tommylee Lewis,NO
29855,19,WR,Roger Lewis,NYG
29857,33,TE,Ryan Malleck,Bal
29861,17,WR,K.J. Maye,NE
29865,18,WR,Jordan Williams-Lambert,NO
29868,19,WR,Darius Powe,NYG
29870,33,QB,Josh Woodrum,Bal
29872,22,RB,D.J. Foster,Ari
29877,7,TE,Steven Scheu,Den
29879,29,TE,Bryce Williams,Car
29883,15,WR,Mitch Mathews,Mia
29888,4,WR,Chris Brown,Cin
29891,19,WR,Ed Eagan,NYG
29893,8,WR,Andy Jones,Det
29903,6,RB,Brandon Brown-Dukes,Dal
29904,23,WR,Marcus Tucker,Pit
29905,22,WR,Chris Hubert,Ari
29906,22,RB,Elijhaa Penny,Ari
29913,3,TE,Ben Braunecker,Chi
29915,4,K,Jonathan Brown,Cin
29930,20,RB,Brandon Burks,NYJ
29939,1,RB,Tani Tupou,Atl
29944,30,TE,Alex Ellis,Jax
29949,19,K,Aldrick Rosas,NYG
29951,16,RB,C.J. Ham,Min
29953,11,WR,K.J. Brent,Ind
29958,13,WR,Johnny Holton,Oak
29961,9,WR,Max McCaffrey,GB
29963,2,TE,Ryan O'Malley,Buf
29978,30,WR,Jaydon Mickens,Jax
29993,29,RB,Jalen Simmons,Car
30000,13,RB,Jalen Richard,Oak
30002,18,WR,Jake Lampman,NO
30007,6,TE,M.J. McFarland,Dal
30008,7,TE,Austin Traylor,Den
30016,20,RB,Romar Morris,NYJ
30019,19,WR,Marquis Bundy,NYG
30020,11,K,Devon Bell,Ind
30023,1,WR,Marvin Hall,Atl
30024,18,TE,Garrett Griffin,NO
30037,29,TE,Eric Wallace,Car
30038,12,K,Sam Ficken,KC
30044,21,WR,David Watford,Phi
30045,28,WR,Kendal Thompson,Was
30047,11,WR,Harvey Binford,Ind
30048,16,TE,Nick Truesdell,Min
30061,11,RB,Troymaine Pope,Ind
30082,27,RB,Blake Sims,TB
30085,19,RB,Jacob Huesman,NYG
30086,34,K,Cory Carter,Hou
30087,27,RB,Quayvon Hicks,TB
30097,19,RB,Daryl Virgies,NYG
30105,9,TE,Derek Hart,GB
30110,1,WR,Garrett Scantling,Atl
30111,11,WR,Cyril Grayson,Ind
30112,11,TE,Mo Alie-Cox,Ind
30115,3,QB,Mitchell Trubisky,Chi
30117,30,RB,Leonard Fournette,Jax
30118,10,WR,Corey Davis,Ten
30120,24,WR,Mike Williams,LAC
30121,29,RB,Christian McCaffrey,Car
30122,4,WR,John Ross,Cin
30123,12,QB,Patrick Mahomes II,KC
30125,34,QB,Deshaun Watson,Hou
30132,27,TE,O.J. Howard,TB
30136,19,TE,Evan Engram,NYG
30142,5,TE,David Njoku,Cle
30150,2,WR,Zay Jones,Buf
30153,29,WR,Curtis Samuel,Car
30154,16,RB,Dalvin Cook,Min
30157,14,TE,Gerald Everett,LAR
30158,3,TE,Adam Shaheen,Chi
30161,4,RB,Joe Mixon,Cin
30165,5,QB,DeShone Kizer,Cle
30175,23,WR,JuJu Smith-Schuster,Pit
30180,18,RB,Alvin Kamara,NO
30182,14,WR,Cooper Kupp,LAR
30185,10,WR,Taywan Taylor,Ten
30192,20,WR,ArDarius Stewart,NYJ
30195,7,WR,Carlos Henderson,Den
30197,27,WR,Chris Godwin,TB
30199,12,RB,Kareem Hunt,KC
30200,19,QB,Davis Webb,NYG
30202,34,RB,D'Onta Foreman,Hou
30209,8,WR,Kenny Golladay,Det
30211,22,WR,Chad Williams,Ari
30213,10,TE,Jonnu Smith,Ten
30217,25,QB,C.J. Beathard,SF
30218,23,RB,James Conner,Pit
30219,26,WR,Amara Darboh,Sea
30223,30,WR,Dede Westbrook,Jax
30227,28,RB,Samaje Perine,Was
30230,14,WR,Josh Reynolds,LAR
30231,21,WR,Mack Hollins,Phi
30232,3,RB,Tarik Cohen,Chi
30234,25,RB,Joe Williams,SF
30240,8,TE,Michael Roberts,Det
30241,4,WR,Josh Malone,Cin
30245,21,RB,Donnel Pumphrey,Phi
30246,6,WR,Ryan Switzer,Dal
30247,9,RB,Jamaal Williams,GB
30248,23,QB,Joshua Dobbs,Pit
30252,12,WR,Jehu Chesson,KC
30253,19,RB,Wayne Gallman,NYG
30254,20,WR,Chad Hansen,NYJ
30256,11,RB,Marlon Mack,Ind
30258,7,TE,Jake Butt,Den
30259,25,TE,George Kittle,SF
30263,20,TE,Jordan Leggett,NYJ
30266,21,K,Jake Elliott,Phi
30267,28,TE,Jeremy Sprinkle,Was
30269,4,RB,Brian Hill,Cin
30275,25,RB,Jeremy McNichols,SF
30279,21,WR,Shelton Gibson,Phi
30283,16,WR,Rodney Adams,Min
30284,2,QB,Nathan Peterman,Buf
30285,7,WR,Isaiah McKenzie,Den
30287,1,TE,Eric Saubert,Atl
30288,9,WR,DeAngelo Yancey,GB
30290,25,WR,Trent Taylor,SF
30292,22,RB,T.J. Logan,Ari
30295,9,RB,Aaron Jones,GB
30301,20,RB,Elijah McGuire,NYJ
30305,29,RB,Alex Armah,Car
30314,29,TE,Bucky Hodges,Car
30318,14,RB,Sam Rogers,LAR
30319,7,RB,De'Angelo Henderson,Den
30322,28,WR,Robert Davis,Was
30328,8,QB,Brad Kaaya,Det
30332,16,WR,Stacy Coley,Min
30337,5,K,Zane Gonzalez,Cle
30339,26,WR,David Moore,Sea
30346,12,K,Harrison Butker,KC
30350,15,WR,Isaiah Ford,Mia
30351,9,RB,Devante Mays,GB
30352,6,WR,Noah Brown,Dal
30353,30,RB,Marquez Williams,Jax
30354,13,RB,Elijah Hood,Oak
30355,10,RB,Khalfani Muhammad,Ten
30360,2,WR,Malachi Dupre,Buf
30362,26,RB,Chris Carson,Sea
30364,4,TE,Mason Schreck,Cin
30365,5,RB,Matthew Dayes,Cle
30366,7,QB,Chad Kelly,Den
30370,14,RB,Justin Davis,LAR
30373,14,TE,Johnny Mundt,LAR
30380,29,WR,Austin Duke,Car
30382,29,WR,Fred Ross Jr.,Car
30388,4,TE,Scott Orndoff,Cin
30389,23,QB,Nick Schuessler,Pit
30390,23,RB,Rushel Shell III,Pit
30394,12,WR,Amba Etta-Tawo,KC
30395,30,TE,Caleb Bluiett,Jax
30396,30,WR,Keelan Cole,Jax
30398,30,RB,Tim Cook,Jax
30403,30,RB,I'Tavius Mathers,Jax
30407,30,WR,Kenneth Walker III,Jax
30410,18,WR,Travin Dural,NO
30411,18,WR,Ahmad Fulwood,NO
30416,18,RB,John Robinson-Woodgett,NO
30420,24,TE,Sean Culkin,LAC
30423,24,RB,Austin Ekeler,LAC
30425,24,QB,Eli Jenkins,LAC
30426,24,K,Younghoe Koo,LAC
30430,24,WR,Andre Patton,LAC
30432,24,WR,Artavis Scott,LAC
30436,16,QB,Wes Lunt,Min
30439,16,RB,Terrell Newby,Min
30440,24,WR,Dontre Wilson,LAC
30441,16,TE,Josiah Price,Min
30444,16,WR,R.J. Shelton,Min
30450,1,WR,Deante Burton,Atl
30451,1,WR,Reginald Davis III,Atl
30459,1,WR,Josh Magee,Atl
30463,1,RB,Tyler Renew,Atl
30466,28,QB,Alek Torgersen,Was
30468,27,TE,Antony Auclair,TB
30476,27,QB,Sefo Liufau,TB
30480,27,WR,Thomas Sperbeck,TB
30481,27,WR,Bobo Wilson,TB
30482,22,WR,Carlton Agudosi,Ari
30487,11,WR,Krishawn Hogan,Ind
30490,1,QB,Trevor Knight,Atl
30494,22,TE,Ricky Seals-Jones,Ari
30496,22,RB,James Summers,Ari
30498,11,TE,Steven Wroblewski,Ind
30502,10,WR,Zach Pascal,Ten
30503,28,WR,James Quick,Was
30505,28,WR,Levern Jacobs,Was
30509,33,QB,Zach Terrell,Bal
30510,33,WR,Tim White,Bal
30511,7,WR,Tim Patrick,Den
30512,33,WR,Quincy Adeboyejo,Bal
30513,10,WR,C.J. Board,Ten
30516,3,RB,Taquan Mizzell,Chi
30517,33,RB,Ricky Ortiz,Bal
30519,33,K,Bobby Puyol,Bal
30520,33,K,Kenny Allen,Bal
30522,11,RB,Dalton Crossan,Ind
30523,11,TE,Darrell Daniels,Ind
30524,15,WR,Trey Griffey,Mia
30526,5,WR,Bug Howard,Cle
30527,11,TE,Colin Jeter,Ind
30528,19,WR,Jerome Lane,NYG
30531,20,WR,JoJo Natson Jr.,NYJ
30533,10,RB,Brandon Radcliff,Ten
30538,11,QB,Phillip Walker,Ind
30547,5,TE,Taylor McNamara,Cle
30550,25,WR,Victor Bolden Jr.,SF
30551,25,WR,Kendrick Bourne,SF
30552,25,RB,Matt Breida,SF
30553,14,WR,K.D. Cannon,LAR
30559,25,TE,Cole Hikutini,SF
30563,25,QB,Nick Mullens,SF
30570,20,WR,Brisly Estime,NYJ
30575,20,WR,Gabe Marks,NYJ
30577,4,TE,Cethan Carter,Cin
30579,6,WR,Karel Hamilton,Dal
30580,4,RB,Darrin Laufasa,Cin
30582,4,WR,Monty Madaris,Cin
30587,4,RB,Jarveon Williams,Cin
30588,7,RB,Stanley Williams,Den
30594,2,TE,Jason Croom,Buf
30595,2,RB,Jordan Johnson,Buf
30598,2,WR,Brandon Reilly,Buf
30602,2,WR,Daikiel Shorts,Buf
30603,2,TE,Keith Towbridge,Buf
30609,9,WR,Michael Clark,GB
30610,30,WR,Montay Crockett,Jax
30614,18,QB,Taysom Hill,NO
30617,9,TE,Aaron Peck,GB
30618,9,RB,Kalif Phillips,GB
30627,13,TE,Pharaoh Brown,Oak
30629,13,WR,Keon Hatcher,Oak
30632,13,TE,Anthony Kukwa,Oak
30637,13,WR,Isaac Whitney,Oak
30639,13,WR,Ishmael Zamora,Oak
30643,15,WR,Malcolm Lewis,Mia
30647,15,WR,Drew Morgan,Mia
30648,15,WR,Francis Owusu,Mia
30650,15,RB,De'Veon Smith,Mia
30653,20,WR,Damore'ea Stringfellow,NYJ
30656,18,WR,Austin Carr,NO
30658,28,RB,LeShun Daniels Jr.,Was
30660,17,WR,Cody Hollister,NE
30661,17,TE,Jacob Hollister,NE
30679,12,WR,Gehrig Dieter,KC
30680,12,WR,Anas Hasic,KC
30681,29,TE,Wyatt Houston,Car
30682,12,WR,Marcus Kemp,KC
30685,12,WR,Alonzo Moore,KC
30688,12,WR,Tony Stevens,KC
30691,25,WR,BJ Johnson III,SF
30695,30,WR,Raysean Pringle,Jax
30696,9,RB,William Stanback,GB
30702,9,TE,Emanuel Byrd,GB
30703,12,RB,Devine Redding,KC
30704,28,WR,Jamari Staples,Was
30707,21,RB,Corey Clement,Phi
30709,9,QB,Jerod Evans,GB
30715,21,WR,Greg Ward Jr.,Phi
30717,3,RB,Joel Bouagnon,Chi
30720,3,WR,Tanner Gentry,Chi
30721,3,TE,Franko House,Chi
30725,3,K,Andy Phillips,Chi
30727,27,WR,Jhajuan Seales,TB
30728,3,RB,Freddie Stevenson,Chi
30729,4,WR,Kermit Whitfield,Cin
30734,19,WR,Keeon Johnson,NYG
30737,19,WR,Travis Rudolph,NYG
30739,19,RB,Shane Smith,NYG
30740,3,TE,Colin Thompson,Chi
30742,12,WR,Robert Wheelwright,KC
30743,19,WR,Jalen Williams,NYG
30746,1,WR,Bra'Lon Cherry,Atl
30747,10,QB,Tyler Ferguson,Ten
30751,20,RB,Akeem Judd,NYJ
30752,11,WR,KeVonn Mabon,Ind
30754,10,WR,Giovanni Pascascio,Ten
30757,20,RB,Algernon Brown,NYJ
30758,26,QB,Skyler Howard,Sea
30761,3,WR,Darreus Rogers,Chi
30763,26,TE,Tyrone Swoopes,Sea
30765,20,TE,Brandon Barnes,NYJ
30767,8,WR,Dontez Ford,Det
30768,8,RB,Tion Green,Det
30773,8,WR,Michael Rector,Det
30775,8,WR,Noel Thomas,Det
30779,6,QB,Austin Appleby,Dal
30781,6,WR,Brian Brown,Dal
30784,6,TE,Blake Jarwin,Dal
30788,6,QB,Cooper Rush,Dal
30790,20,RB,Jahad Thomas,NYJ
30795,29,TE,Evan Baylis,Car
30800,34,TE,Zach Conque,Hou
30806,34,WR,Deante' Gray,Hou
30808,17,WR,Riley McCarron,NE
30809,27,WR,Shaq Hill,TB
30811,18,WR,Justin Hardee,NO
30819,7,WR,Anthony Nash,Den
30822,16,QB,Kyle Sloter,Min
30827,1,WR,Reggie Davis,Atl
30830,19,WR,Kevin Snead,NYG
30835,22,WR,Larry Clark,Ari
30839,11,WR,Al-Damion Riles,Ind
30845,33,WR,Aaron Bailey,Bal
30851,19,RB,Khalid Abdullah,NYG
30854,26,WR,Speedy Noil,Sea
30858,23,TE,Phazahn Odom,Pit
30860,34,RB,Dare Ogunbowale,Hou
30861,34,WR,Chris Thompson,Hou
30863,24,WR,Mitchell Paige,LAC
30864,29,TE,DeSean Smith,Car
30866,11,RB,De'Mard Llorens,Ind
30867,28,WR,Shakeir Ryan,Was
30872,23,QB,Bart Houston,Pit
30873,14,RB,Lenard Tillery,LAR
30874,14,TE,Travis Wilson,LAR
30876,17,TE,Sam Cotton,NE
30877,10,RB,Joe Bacci,Ten
30886,9,WR,Colby Pearson,GB
30888,1,TE,Alex Gray,Atl
30891,18,WR,Dan Arnold,NO
30894,33,TE,Barrett Burns,Bal
30897,26,TE,Stevie Donatell,Sea
30899,6,WR,Lance Lenoir,Dal
30900,24,WR,Cameron Posey,LAC
30901,14,WR,Fred Brown,LAR
30907,21,QB,Dane Evans,Phi
30908,21,TE,Adam Zaruba,Phi
30912,33,QB,David Olson,Bal
30914,15,WR,Jordan Westerkamp,Mia
30915,18,RB,Darius Victor,NO
30918,5,RB,Josh Rounds,Cle
30923,19,WR,C.J. Germany,NYG
30925,5,TE,Nate Iese,Cle
30926,3,WR,Alton Howard,Chi
30928,24,TE,Mike Estes,LAC
30930,11,WR,Marvin Bracy,Ind
30931,18,WR,De'Quan Hampton,NO
30932,11,WR,Brian Riley,Ind
30936,21,WR,Keevan Lucas,Phi
30938,20,WR,Dan Williams,NYJ
30939,34,WR,Germone Hopper,Hou
30940,21,WR,Rashard Davis,Phi
30942,11,WR,Justice Liggins,Ind
30943,8,TE,Andrew Price,Det
30947,16,QB,Mitch Leidner,Min
100000,0,None,None,None
100001,1,DEF,Atlanta,Atl
100002,2,DEF,Buffalo,Buf
100003,3,DEF,Chicago,Chi
100004,4,DEF,Cincinnati,Cin
100005,5,DEF,Cleveland,Cle
100006,6,DEF,Dallas,Dal
100007,7,DEF,Denver,Den
100008,8,DEF,Detroit,Det
100009,9,DEF,Green Bay,GB
100010,10,DEF,Tennessee,Ten
100011,11,DEF,Indianapolis,Ind
100012,12,DEF,Kansas City,KC
100013,13,DEF,Oakland,Oak
100014,14,DEF,LA Chargers,LAC
100015,15,DEF,Miami,Mia
100016,16,DEF,Minnesota,Min
100017,17,DEF,New England,NE
100018,18,DEF,New Orleans,NO
100019,19,DEF,NY Giants,NYG
100020,20,DEF,NY Jets,NYJ
100021,21,DEF,Philadelphia,Phi
100022,22,DEF,Arizona,Ari
100023,23,DEF,Pittsburgh,Pit
100024,24,DEF,LA Rams,LAR
100025,25,DEF,San Francisco,SF
100026,26,DEF,Seattle,Sea
100027,27,DEF,Tampa Bay,TB
100028,28,DEF,Washington,Was
100029,29,DEF,Carolina,Car
100030,30,DEF,Jacksonville,Jax
100031,0,None,None,None
100032,0,None,None,None
100033,33,DEF,Baltimore,Bal
100034,34,DEF,Houston,Hou